com,6866
http,6839
3d,6404
font,6272
list,5451
br,4090
www,4014
use,3473
mail,3462
3e,3439
net,3427
20,3290
size,3259
email,3164
get,2961
one,2541
free,2462
nbsp,2337
color,2334
time,2321
2002,2210
click,2070
new,1953
00,1888
work,1867
like,1839
3c,1838
22,1831
messag,1806
peopl,1792
make,1786
us,1760
busi,1685
face,1664
spamassassin,1656
receiv,1607
would,1562
remov,1561
000,1523
html,1475
pleas,1462
inform,1431
content,1402
10,1391
address,1381
user,1380
order,1373
name,1370
td,1342
want,1340
year,1308
need,1290
rpm,1255
money,1254
send,1245
listinfo,1241
site,1216
also,1178
state,1168
compani,1165
type,1137
day,1110
look,1109
go,1098
way,1091
home,1088
linux,1086
first,1067
world,1063
call,1051
program,1049
50,1039
date,1038
servic,1036
even,1027
sourceforg,1026
div,1024
text,1017
see,1013
web,1007
right,1007
find,1000
report,997
help,997
know,994
product,993
think,991
internet,991
offer,990
may,976
org,973
market,972
file,971
09,953
includ,950
subject,946
wrote,936
system,929
align,920
take,917
tri,916
could,914
line,911
exmh,911
check,907
href,903
say,881
link,863
group,851
chang,847
spam,847
month,845
back,845
mani,842
much,838
problem,835
good,829
tr,826
said,822
softwar,822
strong,816
width,807
freshrpm,804
url,799
mailman,795
govern,795
ad,792
start,790
phone,783
a3,782
https,781
interest,779
person,778
best,777
talk,771
run,758
number,757
3cfont,757
2ffont,757
famili,753
sf,748
100,744
credit,735
rate,735
provid,726
3d4,723
thing,718
packag,710
razor,705
give,693
3d2,682
well,680
million,677
secur,676
cd,673
2e,669
everi,667
come,667
grant,664
b5,660
yahoo,654
today,653
form,652
3b,651
follow,642
search,641
build,640
price,636
unsubscrib,630
01,630
set,628
page,627
life,625
valu,622
bb,620
week,619
12,618
write,616
read,614
arial,613
base,611
perl,605
custom,604
style,602
develop,598
sponsor,596
save,596
thank,589
comput,586
still,582
news,578
network,578
high,576
onlin,574
card,569
ie,568
part,566
mailto,566
two,565
without,564
long,564
end,561
real,561
fork,560
redhat,553
de,545
differ,543
cost,540
ca,538
per,533
server,533
within,532
unit,531
data,529
a1,528
complet,526
avail,525
instal,523
11,523
old,520
manag,520
easi,520
made,517
top,517
nation,517
info,516
30,516
never,515
ba,513
sight,512
someth,509
version,508
realli,508
current,506
special,505
bodi,505
transfer,503
test,503
opportun,500
sent,498
power,498
sinc,495
found,495
let,493
increas,493
3darial,493
last,492
countri,492
result,490
technolog,490
must,489
keep,489
place,489
great,488
futur,485
engin,482
next,482
applic,481
point,481
code,478
support,478
quot,478
requir,476
live,474
sell,473
sure,470
hour,465
anyon,465
ffffff,465
thinkgeek,464
process,461
seem,460
option,460
25,460
put,458
contact,457
case,456
anoth,456
question,451
apt,451
invest,448
guarante,447
window,446
origin,445
better,443
advertis,443
center,443
success,442
less,441
websit,440
account,438
access,438
trade,438
co,438
sep,438
visit,433
charset,430
lot,428
post,426
bc,425
actual,424
show,424
repli,422
sale,422
word,421
15,421
communic,420
etc,419
idea,418
pay,417
24,415
ilug,414
releas,413
tabl,412
em,411
friend,408
heaven,408
design,407
b9,407
height,406
signatur,403
c4,403
mean,402
d0,398
issu,397
public,396
respons,396
term,394
effect,394
wish,394
18,393
low,392
ever,390
american,389
sourc,389
ac,388
error,387
tell,387
suppli,387
23,386
open,386
3dcenter,386
encod,385
got,384
improv,384
someon,383
d2,382
ask,381
might,377
bd,377
allow,374
san,374
law,372
possibl,371
cours,369
plan,368
non,368
02,368
d1,366
bf,362
dollar,361
creat,360
fax,360
3d3,360
direct,359
import,359
cc,359
legal,356
a7,355
share,354
past,354
least,354
newsisfre,352
job,351
xent,350
tm,349
exampl,347
fact,346
lead,346
articl,344
return,344
add,341
purchas,341
els,340
21,339
000000,339
99,337
happen,336
probabl,336
full,336
step,336
simpli,336
ce,336
feel,335
experi,335
select,335
anyth,334
minut,334
pgp,333
stop,333
reason,332
member,331
helvetica,330
uk,328
intern,328
40,327
move,327
13,327
abl,326
yes,326
d6,326
500,325
stori,324
request,324
total,324
border,324
target,323
act,323
incom,323
local,322
age,320
begin,320
big,319
financi,319
a2,319
mr,318
buy,317
around,316
databas,316
second,315
08,314
relat,314
alway,314
three,313
bill,313
welcom,312
mortgag,312
ff0000,312
protect,311
industri,310
becom,310
exist,310
key,310
head,310
updat,309
level,309
cash,309
believ,308
folder,306
comment,306
ship,306
weight,306
record,305
note,304
septemb,302
simpl,302
b8,302
recent,301
insur,301
serif,301
alreadi,300
train,300
howev,299
directori,299
plain,298
letter,298
war,297
generat,297
14,296
imag,296
discuss,295
noth,294
oper,294
copi,294
contain,294
book,293
littl,293
background,291
loan,290
done,289
small,289
global,289
log,288
stuff,288
answer,288
c3,288
lose,288
kind,287
forward,287
everyth,286
polici,286
fix,285
95,285
accept,285
d3,285
download,284
forc,283
natur,283
input,283
kernel,282
america,282
format,282
learn,281
turn,280
a0,280
profession,280
worker,279
sign,278
polit,278
regard,278
detail,277
instead,277
d4,277
continu,276
rule,276
subscrib,276
pm,275
secret,275
box,275
thousand,275
bgcolor,274
seen,273
a4,273
red,272
control,272
featur,271
method,271
fast,270
document,269
meet,269
broadcast,269
presid,268
titl,268
though,268
care,268
limit,268
hand,267
risk,267
alsa,267
margin,267
asp,266
bad,266
geek,266
templ,266
b4,266
bank,265
e1,265
tool,264
love,264
play,263
archiv,263
fill,263
src,263
specif,261
area,260
id,259
19,259
drive,258
0000ff,258
toner,257
immedi,256
client,256
thought,256
mayb,256
individu,255
prefer,254
aa,254
offic,253
rememb,253
other,253
partner,252
quick,252
root,252
activ,252
maintain,251
true,251
black,251
assist,251
decid,250
citi,250
claim,249
bit,249
3a,249
major,248
xml,248
enter,248
mso,248
women,247
hard,247
matthia,247
hit,246
instruct,246
b7,246
28,245
larg,245
enough,245
header,245
cf,245
3cp,244
understand,243
27,243
clear,243
deal,242
bush,242
collect,242
hundr,242
c8,242
a8,242
away,241
29,241
16,240
appli,240
matter,240
grow,240
general,239
submit,239
via,238
connect,237
posit,237
promot,237
econom,236
a9,236
cartridg,236
hope,235
absolut,235
en,235
fa,235
guid,232
wait,232
sever,232
project,232
research,231
fund,231
singl,231
yet,230
corpor,230
none,230
notic,229
left,229
human,229
iso,229
img,229
mind,228
sound,227
mime,227
osdn,226
associ,226
man,225
opt,225
expect,225
join,224
often,224
author,223
view,223
17,222
index,222
cb,222
far,221
agent,221
either,221
li,221
2c,221
c9,221
3d0,221
almost,220
caus,220
domain,220
3d1,220
tbodi,220
men,219
present,219
parti,218
reach,217
qualiti,217
3cb,217
2fb,217
sort,216
review,216
aug,215
wrong,215
entir,215
newslett,215
8859,215
foreign,215
un,214
involv,214
c6,214
wed,213
freedom,213
hat,213
ab,213
discov,212
action,212
benefit,211
happi,211
tax,211
debt,211
refer,210
admin,210
plus,210
cell,209
addit,209
devel,208
200,208
inc,208
spambay,208
b6,208
ago,207
consid,207
load,206
multi,206
easili,206
transact,206
appear,205
05,205
depend,205
solut,204
charg,204
track,204
earn,203
potenti,203
googl,203
rather,203
copyright,203
f3,203
languag,203
locat,202
2001,202
hous,202
b1,202
quit,201
tv,201
hi,200
doc,199
06,199
clean,199
b3,199
oz,198
bug,198
perform,198
smoke,197
subscript,196
platform,196
given,196
final,195
cgi,195
capit,195
ok,195
fail,194
payment,194
region,194
watch,193
26,192
store,192
span,192
ham,192
c7,192
verdana,192
tablet,192
sequenc,191
automat,191
ed,191
tire,191
digit,191
lang,191
f6,191
univers,190
machin,190
fals,190
everyon,190
3cbr,190
suggest,189
profit,189
certain,189
jabber,189
attack,188
figur,188
gif,188
usa,188
mark,187
htm,187
upon,187
growth,187
win,186
short,186
cannot,186
04,185
health,185
bottom,185
whether,185
printabl,185
java,185
script,184
bonus,184
usr,184
nice,183
class,183
amount,183
close,182
dvd,182
lost,182
lib,182
php,182
2fp,182
pack,181
particular,181
whole,181
exact,181
recommend,181
oblig,181
altern,181
consult,181
c1,181
publish,180
effort,180
billion,180
organ,180
extrem,180
feder,179
excit,179
distribut,179
python,179
75,179
soon,178
similar,178
c0,178
b2,178
dagga,178
listman,177
press,177
practic,177
print,177
loss,177
roman,177
configur,176
mass,176
item,176
sansserif,176
main,175
field,175
upgrad,175
resourc,175
ragga,175
respect,174
educ,174
privat,174
i386,174
stock,174
b0,174
daili,173
300,173
pass,173
alb,173
botan,173
pick,172
standard,172
pictur,172
statement,172
468,172
paid,171
game,171
energi,171
dear,171
histori,170
spend,170
handl,170
execut,170
half,169
known,169
went,169
memori,169
normal,169
score,169
cut,169
miss,169
dc,169
street,168
remain,168
produc,168
speed,168
regist,168
enabl,168
af,168
car,167
delet,167
wonder,167
ptsize,167
august,166
choic,166
contract,166
common,166
communiti,165
later,165
seventh,165
2000,165
driver,165
d7,165
devic,164
interact,164
sa,163
safe,163
serious,163
pl,163
along,163
decor,163
function,162
qualifi,162
strategi,161
island,161
school,161
deliv,161
compar,161
irish,160
social,160
administr,160
commit,160
unseen,160
offici,159
bar,159
concern,159
sun,158
cvs,158
aid,158
dream,158
media,158
reserv,158
a5,158
forteana,157
sex,157
hear,157
agre,157
guy,157
edit,157
longer,156
abil,156
model,156
drop,156
employ,155
accord,155
03,154
pretti,154
event,154
approv,154
china,154
400,154
datapow,154
e8,154
chris,153
side,153
night,153
instant,153
due,153
confidenti,153
a6,153
3ctd,153
2ftd,153
told,152
john,152
fine,152
section,152
studi,152
fee,152
materi,152
propos,151
judgment,151
near,150
seek,150
white,150
bring,150
enhanc,150
agenc,149
worth,149
five,149
07,149
licens,149
announc,149
beberg,149
f7,149
societi,148
respond,148
came,148
90,148
bulk,148
215,148
independ,148
command,147
expens,147
60,147
trust,147
correct,147
third,147
taken,146
extra,146
satalk,146
advantag,146
anyway,146
medic,146
au,145
moment,145
latest,145
paper,145
usd,145
da,145
3d6,145
chanc,144
membership,144
32,144
49,144
readi,144
establish,144
51,144
space,143
sexual,143
f4,143
leav,142
choos,142
800,142
rest,141
huge,141
reduc,141
late,141
c2,141
commerci,140
sid,140
ea,140
hold,139
31,139
necessari,139
bottl,139
privaci,139
combin,138
except,138
focus,138
taint,138
pc,137
across,137
thu,137
prepar,137
perhap,137
monday,137
consum,137
goal,137
regul,137
fd,137
mon,136
uniqu,136
anywher,136
amaz,136
previous,136
averag,136
1000,136
zzzzteana,135
listmast,135
shop,135
35,135
assum,135
togeth,135
video,135
behalf,135
advanc,135
investig,135
70,134
fat,134
perfect,134
usual,134
egroup,133
dave,133
tip,133
retail,133
spec,133
edu,132
although,132
os,132
traffic,132
militari,132
bin,132
ec,132
integr,132
f2,132
speak,131
mention,131
negat,131
situat,131
court,131
electron,131
insid,130
fall,130
signific,130
host,130
meta,130
replac,130
button,130
scienc,130
male,130
enterpris,130
d5,130
four,129
sender,129
98,129
e4,129
movi,128
purpos,128
break,128
41,128
herba,128
obvious,127
ascii,127
33,127
economi,127
modul,127
south,127
spammer,126
unless,126
terror,126
mobil,126
lowest,126
e3,126
basic,125
guess,125
inphon,125
default,125
heard,125
tag,125
valid,125
team,125
rss,125
indic,125
skip,125
fastest,125
explain,124
gnupg,124
properti,124
oh,124
depart,124
lower,124
ignor,124
token,124
enenkio,124
firm,123
sourceforge1,123
refcode1,123
vs3390,123
hello,123
refin,123
especi,123
initi,123
rang,123
intend,123
die,122
regular,122
self,122
period,122
tim,122
34,122
f1,122
promis,121
tie,121
fulli,121
ae,121
cellspac,121
22arial,121
compil,120
suppos,120
robert,120
im,120
echo,120
will,120
capabl,120
investor,120
terrorist,120
eb,120
express,119
55,119
paragraph,119
enjoy,119
telephon,119
equip,119
decis,119
drug,119
display,118
80,118
e2,118
easier,118
commiss,118
object,118
travel,118
3cli,118
procmail,117
implement,117
aeopublish,117
ffff00,117
troubl,116
suit,116
folk,116
relationship,116
kill,116
took,116
various,116
rh,116
wide,115
congress,115
gain,115
teledyn,115
air,115
goe,115
exchang,115
msgs,115
fb,115
2f,115
block,114
art,114
filter,114
avoid,114
hardwar,114
middl,114
desir,114
util,114
obtain,114
pain,114
boingbo,114
ventur,114
powel,114
invok,114
disposit,114
c5,114
48,113
ensur,113
brand,113
msn,113
coupl,113
worri,113
empir,113
defens,113
approach,112
diet,112
predict,112
adam,112
proven,112
canada,112
65,112
jeremi,112
stand,111
disk,111
elimin,111
prevent,111
22center,111
imagin,110
fair,110
multipl,110
confirm,110
york,110
count,110
saou,110
threat,109
36,109
wireless,109
rpms,109
oct,109
achiev,109
e7,109
fri,108
wall,108
quicktop,108
stay,108
sampl,108
forev,108
f0,108
0in,108
port,107
dead,107
59,107
techniqu,107
exclus,107
bo,107
dr,107
d8,107
demand,106
fun,106
apolog,106
sens,106
earli,106
opinion,106
acquir,106
children,106
bitbitch,106
adult,106
44,106
sweet,106
cellpad,106
f5,106
ftp,105
owner,105
whatev,105
burn,105
tuesday,105
colleg,105
weapon,105
spamd,105
capillari,105
f8,105
334,105
46,104
250,104
sometim,104
45,104
introduc,104
thus,104
built,104
declar,104
match,104
valuabl,104
categori,104
kingdom,104
3d5,104
octob,103
leader,103
lawrenc,103
particip,103
player,103
marshal,103
lender,103
3d12,103
attempt,102
exercis,102
music,102
cover,102
ms,102
blog,102
concentr,102
equival,102
largest,102
journal,102
effici,102
warn,101
describ,101
washington,101
distanc,101
gari,101
satellit,101
photo,101
ximian,101
africa,101
estat,101
jm,101
solv,100
india,100
intellig,100
path,100
microsoft,100
setup,100
sold,100
anim,100
printer,100
hidden,100
e5,100
radio,99
director,99
competit,99
weblog,99
challeng,99
tue,99
aol,99
pipe,99
definit,99
procedur,99
pacif,99
cach,99
virus,98
death,98
seri,98
emerg,98
extend,98
six,98
yellow,98
deserv,98
88,98
awar,98
ouch,97
speech,97
1997,97
ban,97
peac,97
centuri,97
king,97
e0,97
defin,96
asset,96
lock,96
separ,96
factor,96
mailer,96
europ,96
voic,96
reader,96
unlimit,96
intro,96
outsid,95
toward,95
michael,95
zip,95
confid,95
sincer,95
clue,95
rom,95
proper,95
gift,95
mini,95
expand,95
hettinga,95
ch,95
py,95
fortun,94
appar,94
switch,94
sorri,94
knowledg,94
convers,94
auto,94
base64,94
browser,94
determin,94
ibuc,94
valign,94
resid,93
campaign,93
unix,93
toni,93
status,93
57,93
patent,93
sum,93
wife,93
extract,93
cooper,93
discount,93
89,93
behind,92
danger,92
critic,92
ten,92
land,92
cabl,92
higher,92
headlin,92
permiss,92
confer,92
profil,92
urgent,92
cat,92
dragon,92
3dright,92
polic,91
screen,91
43,91
french,91
measur,91
kid,91
jame,91
rah,91
xim,91
colspan,91
laserjet,91
3cstrong,91
2fstrong,91
atol,91
isp,90
39,90
plant,90
technic,90
worldwid,90
patch,90
insert,90
42,90
wing,90
balanc,90
front,89
sleep,89
muscl,89
0700,89
gnu,89
random,89
pre,89
fight,89
afford,89
telecom,89
west,89
gold,89
ultim,89
85,89
ee,88
anti,88
former,88
evid,88
sensit,88
north,88
substanti,88
condit,88
temperatur,88
rich,88
storag,88
toll,88
peni,88
e9,88
7gsolb,87
cultur,87
sit,87
mac,87
murphi,87
compat,87
central,87
european,87
verifi,87
attent,87
excel,87
planta,87
3ctr,87
dvds,86
appreci,86
popul,86
vs,86
physic,86
girl,86
poor,86
declin,86
programm,86
god,86
liber,86
revers,86
room,86
fire,86
warm,86
citizen,86
argument,86
expert,85
catch,85
road,85
launch,85
serv,85
librari,85
rais,85
61,85
institut,85
enemi,85
blood,85
laser,85
inlin,85
viagra,85
2ftr,85
film,84
dev,84
iii,84
v1,84
percent,84
tom,84
attach,84
piec,84
david,84
encourag,84
modifi,84
difficult,84
var,84
consolid,84
fr,84
52,84
repres,83
truth,83
mode,83
forget,83
0400,83
alli,83
illeg,83
laptop,83
femal,83
succeed,83
financ,83
compet,83
geeg,83
biz,83
commentari,83
netscap,83
54,82
faster,82
whose,82
cheer,82
dns,82
entri,82
blank,82
hp,82
null,82
dial,82
smart,82
edg,82
length,82
222,82
3cdiv,82
2fdiv,82
written,81
fit,81
chief,81
pull,81
64,81
structur,81
discoveri,81
greg,81
father,81
la,81
ident,80
cent,80
al,80
showcas,80
justin,80
150,80
hot,80
blue,80
jpg,80
hotmail,80
defend,80
abus,80
manufactur,80
interview,80
revenu,80
affili,80
classifi,80
corpus,80
jigget,80
held,79
william,79
doubt,79
greater,79
nobodi,79
7bit,79
descript,79
paul,79
editor,79
stupid,79
slow,79
progress,79
water,79
guido,79
008000,79
young,78
star,78
interfac,78
tradit,78
reliabl,78
peter,78
juli,78
surpris,78
manual,78
popular,78
rebuild,78
inde,78
ground,78
boston,78
mplayer,78
summer,77
1999,77
california,77
conveni,77
el,77
pattern,77
deliveri,77
magnesium,77
8220,77
8221,77
pro,77
warranti,77
searcher,77
walk,76
doctor,76
partit,76
basi,76
mvfiaa,76
core,76
flow,76
friday,76
honor,76
agreement,76
extens,76
scan,76
razor2,76
hair,76
june,76
herbal,76
thursday,75
hotel,75
virtual,75
spot,75
recipi,75
monitor,75
wednesday,75
suffer,75
identifi,75
amend,75
super,75
anybodi,75
1440,75
assur,75
degre,75
disabl,75
democrat,75
perman,75
ii,75
substanc,75
cn,75
stylus,75
3d7,75
vircio,74
arm,74
eval,74
vacat,74
vehicl,74
larger,74
prioriti,74
se,74
career,74
domest,74
multipart,74
userland,74
nigeria,74
spamc,74
22verdana,74
0500,73
british,73
fresh,73
seven,73
sadev,73
unsolicit,73
app,73
pudg,73
cool,73
kept,73
civil,73
boss,73
texa,73
prescript,73
usag,73
mlm,73
2ecom,73
attract,72
destruct,72
light,72
strength,72
channel,72
pop,72
earth,72
char,72
saw,72
knew,72
stream,72
iraq,72
rapid,72
proprietari,72
resum,72
merchant,72
sponsorship,72
netnoteinc,72
000066,72
mine,71
environ,71
decad,71
among,71
franc,71
600,71
master,71
principl,71
concept,71
fc,71
reveal,71
mistak,71
47,71
neighbor,71
listen,71
trial,71
analysi,71
postal,71
1717,71
amp,71
f9,71
steve,70
bold,70
dan,70
habea,70
et,70
boundari,70
therefor,70
mithral,70
remot,70
conflict,70
38,70
construct,70
english,70
occur,70
brain,70
ratio,70
e6,70
carri,69
spent,69
teach,69
fl,69
station,69
board,69
symbol,69
treat,69
essenti,69
37,69
poverti,69
mother,69
incred,69
alon,69
deploy,69
es,69
fe,69
reg,69
panasa,69
inkjet,69
int,68
vote,68
pound,68
evil,68
entrepreneur,68
appl,68
confus,68
frame,68
doubl,68
allianc,68
touch,68
recruit,68
desktop,68
hormon,68
bliss,68
promiscu,68
gentl,68
contribut,67
thread,67
comfort,67
mozilla,67
diveintomark,67
favor,67
histor,67
food,67
varieti,67
remedi,67
df,67
tab,67
af6_decor,67
22http,67
epson,67
deepeddi,66
woman,66
heart,66
staff,66
green,66
useless,66
ticket,66
hire,66
yesterday,66
sendmail,66
asia,66
seed,66
eye,66
role,66
feed,66
protest,66
realiz,66
output,66
prospect,66
jim,66
euro,66
electr,66
il,66
cpp,66
herb,66
jepson,66
56,65
magazin,65
jump,65
72,65
arriv,65
otherwis,65
transit,65
england,65
becam,65
xine,65
ebay,65
beat,65
para,65
btw,65
favorit,65
percentag,65
park,64
skill,64
most,64
modern,64
highlight,64
autom,64
task,64
eugen,64
feroc,64
pill,63
solid,63
58,63
0200,63
rock,63
97,63
boy,63
recogn,63
strict,63
annual,63
prompt,63
888,63
co2,63
inbox,62
relev,62
feet,62
supplement,62
crimin,62
draw,62
explor,62
instanc,62
alt,62
palestinian,62
permit,62
disappear,62
mainten,62
twenti,62
scheme,62
morn,62
indian,62
refund,62
parent,62
aggress,62
eat,62
signal,62
currenc,62
banner,62
highest,62
301,62
3dleft,62
2fa,62
3eeasi,62
mile,61
estim,61
gone,61
doer,61
mike,61
ip,61
map,61
reject,61
smtp,61
roll,61
pub,61
82,61
tmp,61
led,61
impress,61
msg,61
union,61
nt,61
224,61
84,61
whitelist,61
kathmandu,61
3ca,61
coverag,60
lack,60
recal,60
scientist,60
consist,60
conf,60
equiv,60
babi,60
march,60
charact,60
hall,60
paypal,60
66,60
biggest,60
underlin,60
collabor,60
welch,60
alert,60
mous,60
spray,60
btamail,60
worst,59
trick,59
owen,59
constitut,59
advic,59
87,59
sunday,59
plugin,59
religion,59
truli,59
hack,59
comprehens,59
earlier,59
penni,59
planet,59
